,Class 1,Class 2,Class 10,Class 11
Class 1,0.6702586206896551,0.11120689655172414,0.21293103448275863,0.005603448275862069
Class 2,0.0136986301369863,0.7656012176560122,0.2146118721461187,0.0060882800608828
Class 10,0.005847953216374269,0.6169590643274854,0.31871345029239767,0.05847953216374269
Class 11,0.0076824583866837385,0.2797695262483995,0.28681177976952626,0.42573623559539053
