,Class 1,Class 2,Class 10,Class 11
Class 1,0.4125,0.21637931034482757,0.34655172413793106,0.02456896551724138
Class 2,0.019756838905775075,0.8768996960486323,0.0364741641337386,0.0668693009118541
Class 10,0.0,0.7032163742690059,0.0935672514619883,0.20321637426900585
Class 11,0.0038412291933418692,0.35723431498079383,0.12163892445582586,0.5172855313700384
