Metric,Score
Micro F1,0.45988895270917096
Macro F1,0.4188424720825157
Weighted F1,0.5035017519843158
