,precision,recall,f1-score,support
Class 1,0.9805327868852459,0.4125,0.5807038834951457,2320.0
Class 2,0.2724268177525968,0.8768996960486323,0.41570605187319887,658.0
Class 10,0.059149722735674676,0.0935672514619883,0.072480181200453,684.0
Class 11,0.7709923664122137,0.5172855313700384,0.6191570881226054,1562.0
accuracy,0.4605666156202144,0.4605666156202144,0.4605666156202144,0.4605666156202144
macro avg,0.5207754234464328,0.47506311972016474,0.42201180117285075,5224.0
weighted avg,0.7080477408771169,0.4605666156202144,0.5048750779919453,5224.0
