Metric,Score
Micro F1,0.5630863488416619
Macro F1,0.5103010961827783
Weighted F1,0.612699555022588
