,Class 1,Class 2,Class 10,Class 11
Class 1,0.6849137931034482,0.11293103448275862,0.19698275862068965,0.005172413793103448
Class 2,0.0060790273556231,0.8115501519756839,0.1717325227963526,0.010638297872340425
Class 10,0.0029239766081871343,0.6081871345029239,0.34210526315789475,0.04678362573099415
Class 11,0.015364916773367477,0.26376440460947503,0.3040973111395647,0.4167733674775928
