Metric,Score
Micro F1,0.4426574765460463
Macro F1,0.2391452321504544
Weighted F1,0.5368804246240048
