,precision,recall,f1-score,support
Class 1,0.9796954314720813,0.41594827586206895,0.583963691376702,2320.0
Class 2,0.26901140684410646,0.8614916286149162,0.4099963781238682,657.0
Class 10,0.05523809523809524,0.0847953216374269,0.06689734717416378,684.0
Class 11,0.75,0.5204865556978233,0.6145124716553289,1562.0
accuracy,0.45988895270917096,0.45988895270917096,0.45988895270917096,0.45988895270917096
macro avg,0.5134862333885708,0.4706804454530588,0.4188424720825157,5223.0
weighted avg,0.7005392978086662,0.45988895270917096,0.5035017519843158,5223.0
