Metric,Score
Micro F1,0.35228795711277044
Macro F1,0.227862369267723
Weighted F1,0.4241765357674927
