Metric,Score
Micro F1,0.3380551301684533
Macro F1,0.2173319216786426
Weighted F1,0.40399118152520536
