Metric,Score
Micro F1,0.4316615620214395
Macro F1,0.22840409229599928
Weighted F1,0.5243916872767147
