Metric,Score
Micro F1,0.5758039816232772
Macro F1,0.5220783024095459
Weighted F1,0.6204242861268136
