,Class 1,Class 2,Class 10,Class 11
Class 1,0.41594827586206895,0.21293103448275863,0.3448275862068966,0.026293103448275863
Class 2,0.0167427701674277,0.8614916286149162,0.0319634703196347,0.0898021308980213
Class 10,0.0029239766081871343,0.6915204678362573,0.0847953216374269,0.22076023391812866
Class 11,0.004481434058898848,0.36555697823303457,0.10947503201024328,0.5204865556978233
