,precision,recall,f1-score,support
Class 1,0.9814700432365658,0.6849137931034482,0.8068037572988068,2320.0
Class 2,0.3288177339901478,0.8115501519756839,0.4680105170902717,658.0
Class 10,0.18295543393275998,0.34210526315789475,0.23841059602649006,684.0
Class 11,0.9273504273504274,0.4167733674775928,0.5750883392226148,1562.0
accuracy,0.5758039816232772,0.5758039816232772,0.5758039816232772,0.5758039816232772
macro avg,0.6051484096274753,0.5638356439286549,0.5220783024095459,5224.0
weighted avg,0.7785289918847101,0.5758039816232772,0.6204242861268136,5224.0
