,precision,recall,f1-score,support
Class 1,0.9841772151898734,0.6702586206896551,0.7974358974358975,2320.0
Class 2,0.31049382716049384,0.7656012176560122,0.44180939833113747,657.0
Class 10,0.16756341275941583,0.31871345029239767,0.21964735516372796,684.0
Class 11,0.9210526315789473,0.42573623559539053,0.5823117338003503,1562.0
accuracy,0.5630863488416619,0.5630863488416619,0.5630863488416619,0.5630863488416619
macro avg,0.5958217716721826,0.5450773810583639,0.5103010961827783,5223.0
weighted avg,0.7736134728199707,0.5630863488416619,0.612699555022588,5223.0
