Metric,Score
Micro F1,0.4605666156202144
Macro F1,0.42201180117285075
Weighted F1,0.5048750779919453
