,precision,recall,f1-score,support
Class 1,0.9774127310061602,0.718103448275862,0.8279289352714623,4640.0
Class 2,0.27552941176470586,0.8904942965779468,0.42084456424079064,1315.0
Class 10,0.1640506329113924,0.23684210526315788,0.19383787017648818,1368.0
Class 11,0.947109471094711,0.24647887323943662,0.39116078232156465,3124.0
accuracy,0.5357518904948789,0.5357518904948789,0.5357518904948789,0.5357518904948789
macro avg,0.5910255616942424,0.5229796808391008,0.4584430380025764,10447.0
weighted avg,0.7734955012790116,0.5357518904948789,0.5630475114396696,10447.0
