,Class 1,Class 2,Class 10,Class 11
Class 1,0.38017241379310346,0.16120689655172413,0.4,0.05862068965517241
Class 2,0.0076103500761035,0.7701674277016742,0.1659056316590563,0.0563165905631659
Class 10,0.0014619883040935672,0.4137426900584795,0.3888888888888889,0.195906432748538
Class 11,0.002560819462227913,0.24583866837387963,0.21830985915492956,0.5332906530089628
