Metric,Score
Micro F1,0.3552833078101072
Macro F1,0.21354614290000146
Weighted F1,0.43633774570397516
