Metric,Score
Micro F1,0.4761631246410109
Macro F1,0.46336458435186667
Weighted F1,0.5160255164923756
