,precision,recall,f1-score,support
Class 1,0.9871657754010695,0.3978448275862069,0.5671274961597542,2320.0
Class 2,0.3353494623655914,0.7583586626139818,0.46505125815470644,658.0
Class 10,0.1727810650887574,0.4269005847953216,0.2459983150800337,684.0
Class 11,0.7308730873087309,0.5198463508322664,0.6075570520014965,1562.0
accuracy,0.4835375191424196,0.4835375191424196,0.4835375191424196,0.4835375191424196
macro avg,0.5565423475410373,0.5257376064569441,0.4714335303489977,5224.0
weighted avg,0.7218014081286348,0.4835375191424196,0.5243121136480681,5224.0
