Metric,Score
Micro F1,0.4835375191424196
Macro F1,0.4714335303489977
Weighted F1,0.5243121136480681
