,Class 1,Class 2,Class 10,Class 11
Class 1,0.3978448275862069,0.14612068965517241,0.39741379310344827,0.05862068965517241
Class 2,0.007598784194528876,0.7583586626139818,0.1778115501519757,0.05623100303951368
Class 10,0.0,0.3888888888888889,0.4269005847953216,0.18421052631578946
Class 11,0.004481434058898848,0.24583866837387963,0.22983354673495518,0.5198463508322664
