Metric,Score
Micro F1,0.36358414704192993
Macro F1,0.21761238712772246
Weighted F1,0.44297418104589187
