,precision,recall,f1-score,support
Class 1,0.9887892376681614,0.38017241379310346,0.5491905354919053,2320.0
Class 2,0.3270846800258565,0.7701674277016742,0.4591651542649728,657.0
Class 10,0.16180048661800486,0.3888888888888889,0.22852233676975944,684.0
Class 11,0.730701754385965,0.5332906530089628,0.616580310880829,1562.0
accuracy,0.4761631246410109,0.4761631246410109,0.4761631246410109,0.4761631246410109
macro avg,0.552094039674497,0.5181298458481574,0.46336458435186667,5223.0
weighted avg,0.7200676506537843,0.4761631246410109,0.5160255164923756,5223.0
